{"stats":{"minecraft:killed":{"minecraft:zombie":2,"minecraft:chicken":4,"minecraft:spider":2,"minecraft:creeper":1},"minecraft:mined":{"minecraft:grass":33,"minecraft:melon":5,"minecraft:vine":1,"minecraft:jungle_log":3,"minecraft:fern":16},"minecraft:used":{"minecraft:wooden_axe":19,"minecraft:chicken":4,"minecraft:melon_slice":5,"minecraft:rotten_flesh":2,"minecraft:crafting_table":1},"minecraft:killed_by":{"minecraft:creeper":1,"minecraft:zombie":1},"minecraft:picked_up":{"minecraft:stick":4,"minecraft:crafting_table":1,"minecraft:feather":3,"minecraft:chicken":4,"minecraft:jungle_log":3,"minecraft:jungle_planks":6,"minecraft:gunpowder":1,"minecraft:rotten_flesh":4,"minecraft:wheat_seeds":7,"minecraft:melon_slice":24},"minecraft:dropped":{"minecraft:wheat_seeds":5},"minecraft:crafted":{"minecraft:crafting_table":1,"minecraft:stick":4,"minecraft:wooden_axe":1,"minecraft:jungle_planks":12},"minecraft:custom":{"minecraft:time_since_rest":39,"minecraft:sprint_one_cm":22225,"minecraft:damage_taken":625,"minecraft:walk_one_cm":12351,"minecraft:mob_kills":9,"minecraft:drop":5,"minecraft:damage_dealt":1162,"minecraft:swim_one_cm":4424,"minecraft:interact_with_crafting_table":1,"minecraft:fly_one_cm":47571,"minecraft:crouch_one_cm":390,"minecraft:play_time":6696,"minecraft:deaths":2,"minecraft:sneak_time":192,"minecraft:walk_under_water_one_cm":374,"minecraft:jump":242,"minecraft:leave_game":2,"minecraft:walk_on_water_one_cm":4009,"minecraft:time_since_death":16,"minecraft:climb_one_cm":572,"minecraft:total_world_time":6696,"minecraft:fall_one_cm":8149}},"DataVersion":3120}