{"stats":{"minecraft:used":{"minecraft:wooden_axe":8,"minecraft:stone_sword":5,"minecraft:stone_pickaxe":18,"minecraft:wooden_pickaxe":22,"minecraft:stone_axe":1,"minecraft:cobblestone":10,"minecraft:crafting_table":1},"minecraft:killed":{"minecraft:zombie":1},"minecraft:mined":{"minecraft:iron_ore":10,"minecraft:crafting_table":1,"minecraft:grass":5,"minecraft:acacia_log":6,"minecraft:grass_block":1,"minecraft:oak_log":6,"minecraft:coal_ore":4,"minecraft:stone":25},"minecraft:crafted":{"minecraft:oak_planks":24,"minecraft:crafting_table":1,"minecraft:stick":16,"minecraft:wooden_pickaxe":1,"minecraft:stone_pickaxe":1,"minecraft:wooden_axe":1,"minecraft:stone_sword":1,"minecraft:acacia_planks":24,"minecraft:torch":4,"minecraft:stone_axe":1},"minecraft:custom":{"minecraft:time_since_rest":4947,"minecraft:sprint_one_cm":5266,"minecraft:damage_taken":90,"minecraft:walk_one_cm":6504,"minecraft:mob_kills":1,"minecraft:damage_dealt":200,"minecraft:interact_with_crafting_table":4,"minecraft:fly_one_cm":5017,"minecraft:crouch_one_cm":3920,"minecraft:play_time":4947,"minecraft:sneak_time":1691,"minecraft:jump":80,"minecraft:leave_game":1,"minecraft:time_since_death":4947,"minecraft:total_world_time":4947,"minecraft:fall_one_cm":2963},"minecraft:picked_up":{"minecraft:stick":2,"minecraft:raw_iron":9,"minecraft:crafting_table":1,"minecraft:acacia_log":6,"minecraft:oak_log":6,"minecraft:dirt":1,"minecraft:apple":1,"minecraft:wheat_seeds":1,"minecraft:oak_sapling":1,"minecraft:coal":4,"minecraft:cobblestone":25}},"DataVersion":3120}