{"stats":{"minecraft:mined":{"minecraft:grass":1,"minecraft:sand":2,"minecraft:mud":5},"minecraft:custom":{"minecraft:time_since_rest":4660,"minecraft:crouch_one_cm":420,"minecraft:sprint_one_cm":18070,"minecraft:play_time":4660,"minecraft:damage_taken":50,"minecraft:walk_one_cm":5585,"minecraft:sneak_time":132,"minecraft:walk_under_water_one_cm":712,"minecraft:drop":3,"minecraft:jump":123,"minecraft:leave_game":4,"minecraft:walk_on_water_one_cm":1771,"minecraft:time_since_death":4660,"minecraft:climb_one_cm":250,"minecraft:total_world_time":4660,"minecraft:swim_one_cm":4044,"minecraft:fall_one_cm":2190,"minecraft:fly_one_cm":27237},"minecraft:dropped":{"minecraft:sand":1,"minecraft:wheat_seeds":1,"minecraft:mud":1},"minecraft:picked_up":{"minecraft:mud":6,"minecraft:wheat_seeds":2,"minecraft:sand":2},"minecraft:used":{"minecraft:mud":5,"minecraft:sand":1}},"DataVersion":3120}