{"stats":{"minecraft:custom":{"minecraft:jump":103,"minecraft:time_since_rest":2396,"minecraft:damage_dealt":50,"minecraft:leave_game":2,"minecraft:play_time":2396,"minecraft:sprint_one_cm":11405,"minecraft:time_since_death":2396,"minecraft:walk_on_water_one_cm":1143,"minecraft:walk_one_cm":2236,"minecraft:total_world_time":2396,"minecraft:walk_under_water_one_cm":250,"minecraft:drop":1,"minecraft:fall_one_cm":2090,"minecraft:fly_one_cm":37378},"minecraft:dropped":{"alexsmobs:spawn_egg_crimson_mosquito":1},"minecraft:used":{"alexsmobs:spawn_egg_crimson_mosquito":7},"minecraft:mined":{"minecraft:grass":12,"minecraft:ice":2}},"DataVersion":3120}